"label","last_mesure","sang_ok"
"10173048","15/05/2025","oui"
"10173057","15/05/2025","oui"
"10173066","16/05/2025","oui"
"10173090","19/05/2025","oui"
"10173091","19/05/2025","oui"
"10173098","03/06/2025","oui"
"10173099","03/06/2025","non"
"10173100","11/06/2025","oui"
"10173298","03/06/2025","non"
"10173321","23/05/2025","non"
"10173327","25/05/2025","oui"
"10173328","25/05/2025","oui"
"10173329","25/05/2025","non"
"10173330","26/05/2025","oui"
"10173336","26/05/2025","oui"
"10173343","28/05/2025","oui"
"10173351","30/05/2025","oui"
"10173352","31/05/2025","oui"
"10173361","31/05/2025","oui"
"10173362","31/05/2025","oui"
"10173363","01/06/2025","oui"
"10173364","01/06/2025","oui"
"10173389","05/06/2025","oui"
"10173394","31/05/2025","oui"
"10173400","06/06/2025","oui"
"10173716","07/06/2025","oui"
"10173717","07/06/2025","oui"
"10173718","07/06/2025","oui"
"10173727","08/06/2025","oui"
"10173750","13/06/2025","oui"
"10173754","18/06/2025","oui"
"10173905","04/06/2025","non"
"10173906","04/06/2025","non"
"10175123","30/04/2025","oui"
"10175153","01/05/2025","oui"
"10175193","03/05/2025","oui"
"10175194","03/05/2025","oui"
"10175200","05/05/2025","oui"
"10175209","03/05/2025","oui"
"10175225","04/05/2025","oui"
"10175226","05/05/2025","oui"
"10175227","05/05/2025","non"
"10175228","05/05/2025","non"
"10175272","08/05/2025","oui"
"10175273","08/05/2025","oui"
"10175274","08/05/2025","oui"
"10175275","08/05/2025","oui"
"10175276","08/05/2025","oui"
"10175277","08/05/2025","non"
"10175300","11/05/2025","oui"
"10175302","29/04/2025","oui"
"10175303","30/04/2025","oui"
"10175304","30/04/2025","oui"
"10175305","30/04/2025","oui"
"10175360","04/05/2025","oui"
"10175361","04/05/2025","oui"
"10175362","04/05/2025","non"
"10175380","04/05/2025","oui"
"10175381","05/05/2025","oui"
"10175382","05/05/2025","non"
"10175390","06/05/2025","oui"
"10175391","06/05/2025","oui"
"10175400","07/05/2025","non"
"10175477","07/05/2025","oui"
"10175478","07/05/2025","oui"
"10175489","09/05/2025","oui"
"10175490","09/05/2025","oui"
"10175491","09/05/2025","oui"
"10175492","09/05/2025","oui"
"10175493","09/05/2025","oui"
"10175716","12/06/2025","non"
"10175732","14/06/2025","non"
"10175733","14/06/2025","non"
"10175810","10/05/2025","non"
"10175811","10/05/2025","non"
"10175812","13/05/2025","oui"
"10175813","10/05/2025","oui"
"10175814","10/05/2025","oui"
"10175815","10/05/2025","oui"
"10175817","11/05/2025","oui"
"10175826","13/05/2025","oui"
"10175832","13/05/2025","oui"
"10175833","13/05/2025","non"
"10175837","15/05/2025","oui"
"10175838","15/05/2025","oui"
"10175839","15/05/2025","oui"
"10175840","15/05/2025","oui"
"10175884","29/05/2025","non"
"10175885","29/05/2025","oui"
"5126891","26/04/2020","non"
"5468901","09/05/2022","oui"
"5468904","26/04/2020","non"
"5468913","26/04/2020","non"
"5468914","19/03/2021","oui"
"5468921","18/03/2021","oui"
"5468929","25/03/2022","oui"
"5468944","06/05/2021","non"
"5468950","03/05/2022","oui"
"5468953","19/03/2021","oui"
"5468954","18/03/2021","oui"
"5468962","25/03/2022","oui"
"5468969","16/05/2020","non"
"5468970","16/05/2020","non"
"5468971","29/04/2023","oui"
"5468974","05/05/2023","oui"
"5468979","10/05/2022","oui"
"5468989","26/03/2022","oui"
"5468992","12/05/2021","oui"
"5469000","24/03/2021","oui"
"5503264","19/03/2023","oui"
"7209839","17/06/2019","oui"
"7209851","20/03/2018","oui"
"7209852","15/05/2018","oui"
"7209853","05/05/2018","oui"
"7209854","10/05/2018","oui"
"7209855","21/03/2018","oui"
"7209856","07/05/2018","oui"
"7209857","10/05/2018","oui"
"7209858","15/05/2018","oui"
"7209859","22/03/2018","oui"
"7209860","22/03/2018","oui"
"7209861","11/05/2018","oui"
"7209862","23/03/2018","oui"
"7209863","09/05/2018","oui"
"7209864","23/03/2018","oui"
"7209865","09/05/2018","oui"
"7209866","09/05/2018","oui"
"7209867","21/03/2018","oui"
"7209868","09/05/2018","oui"
"7209869","09/05/2018","oui"
"7209870","09/05/2018","oui"
"7209871","05/05/2018","oui"
"7209872","27/04/2019","oui"
"7209873","23/03/2018","oui"
"7209874","23/03/2018","oui"
"7209875","18/05/2018","oui"
"7209876","22/03/2021","oui"
"7209877","24/03/2018","oui"
"7209878","24/03/2018","non"
"7209879","25/03/2018","oui"
"7209880","25/03/2018","oui"
"7209881","17/05/2018","oui"
"7209882","25/03/2018","oui"
"7209883","21/05/2018","oui"
"7209884","26/03/2018","oui"
"7209885","10/05/2018","oui"
"7209886","21/05/2018","oui"
"7209887","10/05/2018","oui"
"7717500","13/06/2021","oui"
"7974200","16/06/2021","non"
"7975917","20/03/2018","oui"
"8137505","05/05/2025","oui"
"8137512","12/05/2023","oui"
"8137521","12/05/2021","oui"
"8137525","09/05/2021","oui"
"8137529","18/03/2021","non"
"8137530","18/05/2020","non"
"8137549","08/05/2022","oui"
"8137550","20/05/2020","non"
"8137557","20/05/2020","non"
"8137563","30/04/2021","non"
"8137564","21/05/2020","non"
"8137610","23/05/2020","non"
"8137611","23/05/2020","non"
"8137615","17/05/2021","non"
"8137616","17/05/2021","non"
"8137624","23/05/2020","non"
"8183004","27/04/2017","oui"
"8183005","03/05/2017","oui"
"8183006","28/04/2017","oui"
"8183007","19/03/2017","oui"
"8183008","07/05/2017","oui"
"8183009","27/04/2019","non"
"8183010","29/04/2017","oui"
"8183011","02/05/2017","oui"
"8183012","10/05/2018","oui"
"8183013","20/06/2019","oui"
"8183014","01/05/2017","oui"
"8183015","26/04/2017","oui"
"8183016","20/03/2017","oui"
"8183017","20/03/2017","oui"
"8183018","20/03/2017","oui"
"8183019","29/04/2017","oui"
"8183020","27/04/2017","oui"
"8183021","04/05/2017","oui"
"8183022","10/06/2019","oui"
"8183023","05/05/2017","oui"
"8183024","14/05/2022","oui"
"8183025","20/03/2017","oui"
"8183026","20/03/2017","oui"
"8183027","20/03/2017","oui"
"8183028","27/04/2017","oui"
"8183029","17/06/2018","oui"
"8183030","16/04/2017","oui"
"8183031","04/05/2017","oui"
"8183032","20/03/2017","oui"
"8183033","02/05/2017","oui"
"8183034","01/05/2017","oui"
"8183035","21/03/2017","oui"
"8183036","21/03/2017","oui"
"8183037","21/03/2017","oui"
"8183038","15/05/2018","oui"
"8183039","29/04/2017","oui"
"8183040","08/05/2018","non"
"8183041","21/03/2017","oui"
"8183042","26/04/2017","oui"
"8183043","05/05/2017","oui"
"8183044","02/05/2017","oui"
"8183045","04/05/2017","oui"
"8183046","12/06/2019","oui"
"8183047","23/03/2017","oui"
"8183048","23/03/2017","oui"
"8183049","29/04/2017","oui"
"8183050","23/03/2017","oui"
"8183051","23/03/2017","oui"
"8183052","23/03/2017","oui"
"8183053","05/05/2017","oui"
"8183054","24/03/2017","oui"
"8183055","10/05/2018","oui"
"8183056","24/03/2017","oui"
"8183057","24/03/2017","oui"
"8183058","05/05/2017","oui"
"8183059","08/05/2017","oui"
"8183060","26/03/2017","oui"
"8183061","19/04/2018","oui"
"8183062","18/04/2017","non"
"8183063","14/05/2017","oui"
"8183064","18/04/2017","non"
"8183065","18/04/2017","oui"
"8183066","18/04/2017","oui"
"8183067","18/04/2017","oui"
"8183068","16/05/2017","oui"
"8183069","19/04/2017","non"
"8183070","31/05/2017","oui"
"8183073","01/06/2019","oui"
"8183074","03/06/2020","non"
"8183075","20/04/2017","oui"
"8183076","20/04/2017","oui"
"8183077","26/05/2019","oui"
"8183078","27/05/2017","oui"
"8183079","16/05/2019","oui"
"8183080","02/06/2018","oui"
"8183081","22/04/2017","oui"
"8183082","25/04/2018","oui"
"8183083","22/04/2017","oui"
"8183103","21/03/2018","oui"
"8183114","08/05/2018","oui"
"8183134","10/05/2018","non"
"8183172","30/04/2019","oui"
"8183179","05/05/2017","oui"
"8183181","11/05/2024","oui"
"8183184","09/05/2019","oui"
"8183201","02/06/2018","oui"
"8183208","30/04/2019","oui"
"8183221","11/05/2018","oui"
"8183228","06/05/2018","oui"
"8183235","11/05/2018","oui"
"8183243","04/05/2017","oui"
"8183246","15/05/2018","oui"
"8183247","19/05/2022","oui"
"8183258","16/05/2018","oui"
"8183261","19/05/2018","oui"
"8183264","30/04/2017","oui"
"8183266","29/04/2017","oui"
"8183299","03/05/2020","oui"
"8183326","21/03/2023","oui"
"8183343","12/05/2022","oui"
"8183351","09/05/2018","oui"
"8183358","05/05/2018","oui"
"8183378","16/05/2018","oui"
"8183384","03/05/2017","oui"
"8183385","04/05/2020","oui"
"8183396","09/05/2019","oui"
"8183401","22/04/2017","oui"
"8183402","31/05/2019","oui"
"8183412","24/04/2017","oui"
"8183457","22/03/2018","oui"
"8183479","11/05/2019","oui"
"8183481","22/03/2018","oui"
"8183497","17/06/2019","non"
"8183505","11/05/2017","oui"
"8183520","07/06/2019","oui"
"8183525","25/05/2018","oui"
"8183528","12/05/2017","oui"
"8183529","15/05/2022","oui"
"8183535","14/05/2017","oui"
"8183541","17/04/2019","oui"
"8183543","15/05/2017","oui"
"8183554","23/03/2018","oui"
"8183557","04/05/2019","oui"
"8183567","30/05/2023","oui"
"8183571","31/05/2019","non"
"8183572","23/04/2018","oui"
"8183573","03/06/2020","oui"
"8183576","21/04/2018","oui"
"8183580","25/04/2019","oui"
"8183588","17/05/2019","oui"
"8183590","20/04/2018","oui"
"8183592","26/05/2024","non"
"8183597","11/06/2022","oui"
"8183598","22/05/2017","oui"
"8183615","10/05/2018","oui"
"8183618","15/05/2017","oui"
"8183625","19/05/2017","oui"
"8183626","19/05/2017","oui"
"8183627","19/05/2017","oui"
"8183641","19/04/2018","non"
"8183649","01/06/2020","oui"
"8183651","24/05/2017","oui"
"8183678","11/06/2022","non"
"8183683","10/06/2022","non"
"8183684","02/06/2020","oui"
"8183686","18/06/2021","non"
"8183712","02/06/2020","oui"
"8183715","05/06/2018","oui"
"8183739","29/05/2017","oui"
"8183772","31/05/2017","oui"
"8183790","16/05/2019","non"
"8183796","04/06/2017","oui"
"8183821","18/05/2017","oui"
"8183830","24/03/2018","oui"
"8183838","01/06/2019","oui"
"8183840","20/04/2018","oui"
"8183867","24/04/2018","oui"
"8183876","19/04/2019","oui"
"8183893","11/06/2021","oui"
"8183895","03/06/2020","oui"
"8183900","24/05/2017","oui"
"8183906","22/04/2018","oui"
"8183909","29/05/2019","oui"
"8183924","16/06/2019","oui"
"8183926","18/06/2021","oui"
"8183933","07/06/2022","oui"
"8183939","29/05/2018","oui"
"8183952","28/05/2017","oui"
"8183961","07/06/2021","oui"
"8183980","05/06/2022","non"
"8183981","04/06/2024","oui"
"8183986","04/06/2020","oui"
"8183996","31/05/2017","oui"
"8184503","15/05/2022","oui"
"8184512","10/05/2020","oui"
"8184524","05/05/2017","oui"
"8184525","05/05/2017","oui"
"8184534","13/05/2025","non"
"8184537","08/05/2018","oui"
"8184557","02/05/2023","oui"
"8184559","25/05/2018","oui"
"8184561","24/03/2018","oui"
"8184565","19/05/2018","oui"
"8184571","19/05/2018","oui"
"8184572","30/04/2019","oui"
"8184575","19/05/2018","non"
"8184628","10/05/2017","oui"
"8184629","11/05/2017","oui"
"8184630","06/05/2023","non"
"8184632","08/06/2018","oui"
"8184635","17/05/2018","oui"
"8184636","12/05/2017","oui"
"8184658","17/05/2018","oui"
"8184660","21/03/2018","oui"
"8184662","17/06/2018","oui"
"8184665","26/04/2020","oui"
"8184711","07/05/2018","non"
"8184716","31/05/2019","oui"
"8184722","21/03/2019","oui"
"8184730","10/05/2018","oui"
"8184731","27/04/2019","oui"
"8184732","11/05/2018","oui"
"8184733","12/05/2018","oui"
"8184751","30/04/2019","oui"
"8184752","12/05/2019","oui"
"8184753","13/05/2018","oui"
"8184754","13/05/2018","non"
"8184762","08/05/2019","oui"
"8184795","23/03/2021","oui"
"8184829","06/06/2017","oui"
"8184841","07/06/2017","oui"
"8184848","07/06/2017","oui"
"8184874","09/06/2017","oui"
"8184878","20/03/2018","oui"
"8184883","13/06/2017","oui"
"8184894","17/06/2017","non"
"8184900","29/05/2019","oui"
"8184907","08/06/2018","oui"
"8184918","17/05/2018","oui"
"8184920","13/05/2018","oui"
"8184941","21/03/2018","oui"
"8184948","15/05/2018","oui"
"8184976","19/03/2021","oui"
"8188037","21/05/2018","oui"
"8188038","13/05/2018","oui"
"8188039","13/05/2018","oui"
"8188040","06/05/2018","oui"
"8188041","06/05/2018","oui"
"8188042","18/05/2018","oui"
"8188043","12/05/2018","oui"
"8188044","22/03/2018","oui"
"8188045","22/03/2018","oui"
"8188046","22/03/2018","oui"
"8188047","08/05/2018","oui"
"8188048","08/05/2018","oui"
"8188049","22/03/2018","oui"
"8188050","18/04/2018","oui"
"8188051","18/04/2018","oui"
"8188052","03/06/2018","oui"
"8188053","30/05/2019","oui"
"8188054","02/06/2020","oui"
"8188055","19/04/2018","oui"
"8188057","19/04/2018","oui"
"8188058","01/06/2020","oui"
"8188059","18/06/2022","non"
"8188060","20/04/2018","oui"
"8188061","21/04/2018","oui"
"8188062","20/04/2018","oui"
"8188063","01/06/2020","oui"
"8188064","15/06/2021","oui"
"8188065","07/06/2018","oui"
"8188066","07/06/2023","non"
"8188068","03/06/2020","oui"
"8188069","16/06/2023","non"
"8188070","13/06/2022","oui"
"8188071","02/06/2023","oui"
"8188072","23/04/2018","oui"
"8188073","29/05/2019","oui"
"8188074","26/05/2019","oui"
"8188075","25/04/2018","oui"
"8188076","27/04/2018","oui"
"8188077","28/04/2018","non"
"8188081","06/05/2018","oui"
"8188082","06/05/2018","oui"
"8188083","07/05/2018","oui"
"8188099","15/05/2020","oui"
"8188100","13/05/2019","oui"
"8188103","10/05/2022","non"
"8188115","09/05/2022","oui"
"8188131","20/06/2019","oui"
"8188150","02/05/2020","oui"
"8188152","08/06/2021","non"
"8188154","03/05/2020","oui"
"8188157","13/05/2019","oui"
"8188160","10/06/2019","oui"
"8188162","27/04/2019","oui"
"8188181","27/04/2021","oui"
"8188206","01/05/2019","oui"
"8188210","02/05/2020","oui"
"8188211","19/05/2018","oui"
"8188212","09/05/2018","oui"
"8188213","09/05/2018","oui"
"8188214","09/05/2018","oui"
"8188215","05/06/2019","oui"
"8188216","15/05/2018","oui"
"8188217","15/05/2018","oui"
"8188218","15/05/2018","oui"
"8188219","15/05/2018","oui"
"8188220","15/05/2018","oui"
"8188221","15/05/2018","oui"
"8188231","16/05/2018","oui"
"8188232","08/05/2019","oui"
"8188233","16/05/2018","oui"
"8188241","12/05/2020","oui"
"8188242","16/05/2018","oui"
"8188244","10/05/2020","oui"
"8188250","24/03/2021","oui"
"8188269","13/05/2019","oui"
"8188276","26/04/2020","non"
"8188278","20/05/2018","oui"
"8188279","17/05/2018","oui"
"8188280","17/05/2018","oui"
"8188281","17/05/2018","oui"
"8188282","17/05/2018","oui"
"8188283","08/05/2019","oui"
"8188289","18/05/2020","oui"
"8188300","03/05/2019","oui"
"8188315","28/04/2021","oui"
"8188318","23/04/2021","non"
"8188358","18/05/2018","oui"
"8188359","18/05/2018","oui"
"8188360","18/05/2018","oui"
"8188371","18/05/2018","oui"
"8188372","18/03/2018","oui"
"8188375","19/05/2018","oui"
"8188397","20/05/2018","oui"
"8188400","12/05/2021","oui"
"8188412","21/05/2019","non"
"8188414","10/06/2018","oui"
"8188415","10/06/2018","oui"
"8188431","22/04/2019","oui"
"8188432","11/06/2022","oui"
"8188433","08/06/2020","oui"
"8188434","03/06/2020","oui"
"8188437","17/06/2021","non"
"8188438","27/04/2019","oui"
"8188448","03/05/2022","oui"
"8188449","29/04/2019","oui"
"8188450","29/05/2019","oui"
"8188451","07/05/2020","non"
"8188460","30/04/2019","oui"
"8188461","09/05/2020","oui"
"8188473","01/05/2019","oui"
"8188499","04/05/2019","oui"
"8188500","06/05/2019","oui"
"8188509","30/04/2019","oui"
"8188520","06/05/2019","oui"
"8188529","28/04/2019","oui"
"8188534","07/05/2020","oui"
"8188541","13/05/2023","oui"
"8188542","02/05/2020","non"
"8188543","04/05/2022","oui"
"8188548","20/06/2019","oui"
"8188549","28/04/2019","oui"
"8188565","10/06/2023","oui"
"8188610","09/05/2020","oui"
"8188646","07/05/2020","non"
"8188691","04/05/2021","non"
"8188697","01/05/2019","oui"
"8188701","19/05/2018","oui"
"8188702","19/05/2018","oui"
"8188703","19/05/2018","oui"
"8188704","19/05/2018","oui"
"8188705","19/05/2018","oui"
"8188714","18/05/2020","oui"
"8188715","18/05/2020","oui"
"8188716","21/05/2018","oui"
"8188717","28/04/2019","non"
"8188724","27/04/2019","oui"
"8188725","22/04/2019","oui"
"8188726","23/05/2018","non"
"8188729","07/05/2019","oui"
"8188734","24/05/2018","non"
"8188735","25/05/2018","oui"
"8188774","25/04/2019","non"
"8188783","28/05/2023","non"
"8188795","02/06/2018","oui"
"8188796","02/06/2018","non"
"8188797","02/06/2018","non"
"8188798","02/06/2018","non"
"8188799","03/06/2018","oui"
"8188800","06/06/2018","oui"
"8188803","09/05/2019","oui"
"8188811","23/05/2018","oui"
"8188846","25/05/2018","oui"
"8188847","25/05/2018","oui"
"8188859","21/03/2019","oui"
"8188862","14/05/2020","oui"
"8188905","31/05/2018","non"
"8188950","03/06/2018","oui"
"8188955","17/06/2022","oui"
"8188961","04/07/2021","oui"
"8188963","05/06/2018","oui"
"8188964","15/05/2020","non"
"8188969","06/06/2018","oui"
"8188975","06/06/2018","oui"
"8188976","08/06/2018","oui"
"8188996","21/05/2019","oui"
"8189000","30/04/2019","oui"
"8189217","20/06/2019","oui"
"8189218","03/06/2024","non"
"8189226","09/05/2021","oui"
"8189227","07/05/2024","oui"
"8189228","16/05/2021","oui"
"8189245","07/05/2019","oui"
"8189280","10/05/2019","oui"
"8189281","24/05/2018","oui"
"8189299","07/05/2022","oui"
"8189301","02/05/2020","oui"
"8189319","20/04/2020","non"
"8189341","25/05/2019","oui"
"8189345","02/06/2023","oui"
"8189347","12/06/2021","oui"
"8189354","03/06/2021","non"
"8189367","15/06/2021","oui"
"8189388","20/04/2019","oui"
"8189399","15/04/2022","non"
"8189401","24/05/2018","oui"
"8189402","14/05/2020","oui"
"8189411","18/03/2021","non"
"8189412","20/03/2019","oui"
"8189413","07/06/2019","oui"
"8189414","20/03/2019","oui"
"8189415","01/05/2019","oui"
"8189416","01/05/2019","oui"
"8189417","12/06/2019","oui"
"8189418","08/05/2019","oui"
"8189419","18/03/2021","oui"
"8189420","09/05/2020","oui"
"8189421","20/03/2019","oui"
"8189422","29/04/2019","oui"
"8189423","10/06/2019","oui"
"8189424","20/03/2019","oui"
"8189425","24/05/2019","oui"
"8189426","29/04/2019","oui"
"8189427","12/05/2019","oui"
"8189428","21/03/2019","oui"
"8189429","12/06/2019","oui"
"8189430","03/05/2020","oui"
"8189431","06/05/2019","oui"
"8189432","06/05/2019","oui"
"8189433","07/05/2020","oui"
"8189434","21/03/2019","oui"
"8189435","20/04/2021","oui"
"8189436","24/04/2019","oui"
"8189437","01/05/2019","oui"
"8189438","30/04/2019","oui"
"8189439","20/03/2021","oui"
"8189440","09/05/2022","non"
"8189441","16/05/2020","oui"
"8189442","03/05/2019","oui"
"8189443","01/05/2019","oui"
"8189444","01/05/2019","oui"
"8189445","22/03/2019","oui"
"8189446","22/03/2019","oui"
"8189447","16/05/2020","oui"
"8189448","22/03/2019","oui"
"8189449","25/04/2021","non"
"8189450","22/03/2019","oui"
"8189451","22/03/2019","oui"
"8189452","01/05/2019","oui"
"8189453","30/04/2019","oui"
"8189454","30/04/2019","oui"
"8189455","09/05/2019","oui"
"8189456","12/05/2019","oui"
"8189457","10/05/2019","oui"
"8189460","11/05/2019","oui"
"8189461","09/05/2021","oui"
"8189462","10/05/2020","oui"
"8189463","09/05/2019","oui"
"8189464","08/05/2019","oui"
"8189465","23/03/2019","oui"
"8189466","24/03/2019","oui"
"8189467","03/05/2019","oui"
"8189468","24/03/2019","oui"
"8189469","30/04/2019","oui"
"8189470","07/05/2019","oui"
"8189471","10/05/2023","oui"
"8189472","25/03/2022","oui"
"8189473","14/05/2020","oui"
"8189474","25/03/2019","oui"
"8189475","08/05/2019","oui"
"8189476","12/05/2022","oui"
"8189477","04/05/2019","oui"
"8189478","25/03/2019","oui"
"8189479","08/05/2019","oui"
"8189480","07/05/2019","oui"
"8189481","14/06/2019","oui"
"8189482","04/05/2019","oui"
"8189495","12/06/2022","non"
"8189498","01/06/2024","oui"
"8378101","31/05/2021","oui"
"8378114","20/05/2023","oui"
"8378211","26/04/2020","non"
"8378226","30/04/2025","oui"
"8378233","18/03/2021","oui"
"8378240","18/03/2021","oui"
"8378255","02/05/2020","non"
"8378300","06/05/2019","oui"
"8378331","06/05/2019","oui"
"8378342","18/05/2020","non"
"8378371","26/04/2024","oui"
"8378400","28/05/2022","oui"
"8378405","14/05/2020","non"
"8378409","25/04/2024","oui"
"8378419","07/05/2020","non"
"8378421","01/05/2021","oui"
"8378427","28/04/2021","oui"
"8378429","01/05/2023","oui"
"8378432","19/03/2021","oui"
"8378478","14/05/2020","non"
"8378640","19/04/2022","oui"
"8378693","25/04/2019","oui"
"8378701","13/05/2019","oui"
"8378705","17/06/2019","oui"
"8378709","09/05/2020","non"
"8378734","20/03/2021","oui"
"8378745","06/05/2019","oui"
"8378746","06/05/2019","oui"
"8378747","11/05/2019","oui"
"8378748","22/03/2021","oui"
"8378749","09/05/2019","oui"
"8378750","09/05/2019","oui"
"8378751","10/05/2020","non"
"8378752","08/05/2019","oui"
"8378753","18/05/2020","oui"
"8378754","11/05/2019","oui"
"8378772","08/06/2020","oui"
"8378782","10/05/2020","non"
"8378794","24/03/2021","oui"
"8378799","04/06/2020","oui"
"8378800","28/05/2021","non"
"8378841","17/04/2019","oui"
"8378842","17/04/2019","oui"
"8378843","02/06/2020","oui"
"8378845","01/06/2023","oui"
"8378846","16/05/2019","oui"
"8378847","16/05/2019","oui"
"8378848","15/04/2021","non"
"8378849","18/04/2019","non"
"8378850","18/04/2019","oui"
"8378851","26/05/2019","oui"
"8378852","14/05/2019","oui"
"8378853","18/04/2021","oui"
"8378854","09/06/2024","non"
"8378855","19/04/2019","oui"
"8378856","14/05/2019","oui"
"8378857","19/04/2019","oui"
"8378858","17/05/2019","oui"
"8378859","05/06/2021","oui"
"8378860","20/04/2019","oui"
"8378861","31/05/2021","oui"
"8378862","20/04/2019","oui"
"8378863","06/06/2021","non"
"8378864","05/06/2021","oui"
"8378865","02/06/2025","oui"
"8378866","07/06/2022","oui"
"8378867","11/06/2022","non"
"8378868","31/05/2019","oui"
"8378869","01/06/2020","oui"
"8378870","31/05/2021","non"
"8378871","31/05/2019","oui"
"8378872","21/04/2019","oui"
"8378873","21/04/2019","non"
"8378874","21/04/2019","oui"
"8378875","31/05/2019","oui"
"8378876","28/05/2020","oui"
"8378877","13/06/2022","oui"
"8378878","25/04/2019","oui"
"8378879","03/05/2021","oui"
"8378909","07/05/2020","oui"
"8378916","11/05/2019","oui"
"8378927","12/05/2019","oui"
"8378928","12/05/2019","oui"
"8378929","06/05/2023","oui"
"8378941","03/05/2020","non"
"8378957","12/05/2020","non"
"8378962","08/05/2023","oui"
"8378982","15/06/2021","oui"
"8379315","16/05/2022","oui"
"8379318","30/04/2020","non"
"8379319","02/05/2020","non"
"8379320","18/03/2021","oui"
"8379324","09/05/2022","oui"
"8379333","01/05/2021","oui"
"8379340","02/05/2020","non"
"8379350","02/05/2020","non"
"8379351","12/05/2022","oui"
"8379375","02/05/2020","non"
"8379382","02/05/2020","non"
"8379383","02/05/2020","non"
"8379392","03/05/2020","non"
"8379396","15/05/2022","oui"
"8379398","10/05/2023","oui"
"8379616","17/06/2023","oui"
"8379622","18/05/2020","non"
"8379627","16/06/2024","oui"
"8379631","12/05/2021","oui"
"8379658","10/05/2020","non"
"8379660","17/05/2022","oui"
"8379682","04/05/2021","oui"
"8379724","06/05/2023","oui"
"8379744","05/06/2023","oui"
"8379756","06/05/2021","oui"
"8379758","04/05/2020","non"
"8379773","09/05/2021","oui"
"8379800","09/06/2022","oui"
"8379803","18/05/2020","non"
"8379805","05/05/2023","oui"
"8379833","14/05/2022","oui"
"8379842","09/05/2020","non"
"8379861","14/06/2023","oui"
"8379874","09/06/2021","oui"
"8379875","10/06/2022","oui"
"8379876","19/05/2025","oui"
"8379887","10/06/2022","non"
"8379890","17/04/2023","non"
"8379928","30/05/2019","oui"
"8379929","01/06/2021","oui"
"8379939","06/06/2020","oui"
"8379946","05/06/2022","oui"
"8379952","07/05/2020","non"
"8379966","26/04/2020","non"
"8379979","04/07/2021","non"
"8379980","22/06/2022","non"
"8379981","21/06/2022","oui"
"8379982","23/03/2022","oui"
"8379983","14/06/2019","oui"
"8379984","14/06/2019","oui"
"8379995","12/05/2021","oui"
"8379996","09/06/2024","oui"
"8379997","16/06/2019","oui"
"8379998","17/06/2019","oui"
"8380732","15/04/2022","non"
"8380743","31/05/2020","oui"
"8380744","31/05/2020","non"
"8380749","19/04/2021","oui"
"8380755","14/04/2022","non"
"8380796","01/06/2021","non"
"8380798","15/04/2021","oui"
"8380799","01/06/2021","non"
"8380800","02/06/2020","oui"
"8380950","25/06/2022","oui"
"8380974","14/04/2024","oui"
"8380989","07/06/2021","oui"
"8380994","10/06/2022","oui"
"8802012","13/04/2023","oui"
"8802014","24/05/2019","oui"
"8802041","13/04/2023","oui"
"8802098","31/05/2019","oui"
"8802099","31/05/2019","oui"
"8802142","15/04/2021","non"
"8802144","17/06/2022","oui"
"8802148","11/06/2024","oui"
"8802163","13/04/2021","oui"
"8802164","14/06/2022","oui"
"8802167","02/06/2024","non"
"8802183","31/05/2024","oui"
"8802197","17/04/2022","oui"
"8802211","25/04/2021","oui"
"8802219","31/05/2019","oui"
"8802220","31/05/2019","oui"
"8802222","24/03/2021","non"
"8802246","09/06/2021","non"
"8802247","18/04/2025","oui"
"8802304","03/06/2025","oui"
"8802305","03/06/2023","non"
"8802309","19/04/2021","oui"
"8802314","04/06/2023","oui"
"8802316","15/04/2021","oui"
"8802324","18/04/2022","oui"
"8802334","06/06/2024","oui"
"8802335","17/04/2022","oui"
"8802377","02/05/2020","non"
"8802401","14/04/2022","non"
"8802416","14/05/2020","non"
"8802465","01/05/2023","oui"
"8802512","03/05/2020","oui"
"8802513","03/05/2020","oui"
"8802634","09/06/2021","oui"
"8802653","09/06/2022","oui"
"8802665","15/04/2021","oui"
"8802666","18/04/2022","oui"
"8802679","03/06/2020","oui"
"8802707","03/06/2020","oui"
"8802708","17/06/2022","oui"
"8802709","03/06/2020","oui"
"8802715","26/05/2021","oui"
"8802718","12/04/2024","non"
"8802727","09/06/2021","oui"
"8802728","06/06/2025","oui"
"8802729","15/06/2021","oui"
"8802801","24/06/2022","oui"
"8802835","18/03/2021","oui"
"8802836","08/06/2021","oui"
"8802837","03/05/2021","oui"
"8802838","12/05/2022","oui"
"8802839","18/03/2021","oui"
"8802842","19/03/2021","oui"
"8802843","13/05/2023","oui"
"8802844","08/05/2022","oui"
"8802845","12/05/2022","non"
"8802846","04/05/2023","oui"
"8802847","10/05/2024","oui"
"8802848","19/03/2021","oui"
"8802849","01/05/2023","non"
"8802850","19/03/2021","oui"
"8802851","19/03/2021","oui"
"8802852","06/05/2024","oui"
"8802853","19/03/2021","oui"
"8802854","29/04/2021","oui"
"8802855","23/04/2021","oui"
"8802856","01/05/2023","oui"
"8802857","20/03/2021","oui"
"8802858","27/04/2021","oui"
"8802859","04/05/2021","oui"
"8802860","06/05/2023","oui"
"8802861","21/03/2023","oui"
"8802862","20/03/2021","oui"
"8802863","21/03/2023","non"
"8802864","26/04/2021","oui"
"8802865","29/04/2021","oui"
"8802866","25/04/2021","oui"
"8802867","03/05/2022","oui"
"8802868","08/05/2023","oui"
"8802869","06/05/2023","oui"
"8802870","22/03/2021","oui"
"8802871","08/05/2021","oui"
"8802872","28/03/2022","oui"
"8802873","27/03/2022","non"
"8802874","23/03/2021","oui"
"8802875","23/03/2021","oui"
"8802876","10/05/2022","oui"
"8802877","23/03/2021","oui"
"8802878","14/05/2022","oui"
"8802879","05/05/2023","oui"
"8802880","05/05/2021","oui"
"8802881","23/03/2021","oui"
"8802882","24/03/2021","oui"
"8802883","24/03/2021","non"
"8802884","24/03/2021","oui"
"8802885","17/05/2023","oui"
"8802886","09/05/2023","oui"
"8802887","24/03/2021","oui"
"8803913","20/04/2023","oui"
"8803914","02/06/2024","non"
"8803915","20/04/2023","oui"
"8803916","23/04/2024","oui"
"8803917","23/04/2024","oui"
"8803925","28/04/2023","oui"
"8803934","29/04/2023","non"
"8803935","28/04/2024","oui"
"8803939","22/03/2024","oui"
"8803942","11/06/2025","oui"
"8803954","01/05/2023","oui"
"8803964","02/05/2023","oui"
"8803965","02/05/2023","oui"
"8803966","20/03/2024","non"
"8803978","07/05/2023","oui"
"8803988","04/05/2023","non"
"8803999","26/04/2025","oui"
"8804000","13/05/2024","oui"
"8804367","01/06/2023","oui"
"8804391","01/06/2023","oui"
"8804392","25/05/2025","oui"
"8804398","12/06/2022","oui"
"8804399","03/06/2021","oui"
"8804400","03/06/2021","oui"
"8804401","11/05/2024","oui"
"8804402","13/05/2024","oui"
"8804422","27/05/2025","oui"
"8804423","18/04/2021","non"
"8804425","06/06/2020","oui"
"8804426","08/06/2022","oui"
"8804432","06/06/2020","non"
"8804433","12/06/2022","oui"
"8804440","06/06/2021","oui"
"8804441","11/06/2021","non"
"8804442","30/04/2021","oui"
"8804464","16/04/2023","oui"
"8804486","12/06/2020","non"
"8804488","12/06/2020","non"
"8804489","19/04/2021","non"
"8804518","30/05/2023","oui"
"8804523","12/06/2023","oui"
"8804527","14/06/2021","non"
"8804536","06/05/2024","oui"
"8804547","04/05/2020","non"
"8804548","06/05/2021","non"
"8804556","12/05/2022","non"
"8804557","30/04/2022","non"
"8804560","12/05/2022","oui"
"8804566","04/05/2020","non"
"8804568","07/05/2022","non"
"8804576","11/05/2022","oui"
"8804579","04/05/2020","non"
"8804598","01/05/2021","oui"
"8804599","04/05/2020","non"
"8804610","06/05/2024","oui"
"8804613","20/05/2021","oui"
"8804623","08/05/2022","oui"
"8804631","24/03/2022","oui"
"8804632","04/05/2020","non"
"8804637","24/03/2022","oui"
"8804641","14/06/2021","oui"
"8804648","27/04/2021","oui"
"8804649","21/03/2023","non"
"8804680","22/06/2023","oui"
"8804684","28/05/2022","oui"
"8804692","26/04/2021","oui"
"8804696","07/05/2020","non"
"8804703","23/04/2021","oui"
"8804706","04/05/2022","oui"
"8804713","02/05/2025","oui"
"8804714","09/05/2020","non"
"8804723","09/05/2020","non"
"8804729","29/04/2022","oui"
"8804736","09/05/2020","non"
"8804737","09/05/2020","non"
"8804746","09/05/2020","non"
"8804754","09/05/2020","non"
"8804762","09/05/2020","non"
"8804771","17/05/2024","oui"
"8804772","08/06/2021","non"
"8804787","19/05/2022","oui"
"8804790","12/05/2021","oui"
"8804794","24/03/2021","oui"
"8804815","10/05/2020","non"
"8804821","20/05/2021","oui"
"8804835","10/06/2021","oui"
"8804836","12/05/2020","non"
"8804837","02/05/2021","non"
"8804840","05/05/2021","non"
"8804841","04/05/2023","oui"
"8804858","25/04/2021","oui"
"8804859","01/05/2021","oui"
"8804861","12/05/2020","non"
"8804875","12/05/2020","non"
"8804878","12/05/2021","oui"
"8804879","03/05/2021","oui"
"8804883","27/03/2022","oui"
"8804884","12/05/2020","non"
"8804885","24/03/2021","oui"
"8804887","20/05/2021","oui"
"8804892","24/03/2021","oui"
"8804893","05/05/2023","oui"
"8804914","28/05/2022","oui"
"8804915","19/03/2021","oui"
"8804916","04/05/2023","oui"
"8804920","20/04/2021","oui"
"8804938","04/05/2024","oui"
"8804960","15/05/2020","non"
"8804971","16/05/2021","oui"
"8804973","17/05/2021","oui"
"8804974","15/05/2020","non"
"8804985","19/03/2023","non"
"8804990","15/05/2020","non"
"8804996","20/03/2024","oui"
"8804998","19/03/2021","non"
"8804999","03/05/2022","oui"
"8860001","23/04/2021","oui"
"8860002","01/05/2022","oui"
"8860015","24/03/2022","non"
"8860016","29/04/2021","non"
"8860017","29/04/2021","non"
"8860018","07/05/2022","non"
"8860019","02/05/2021","non"
"8860020","02/05/2021","non"
"8860028","03/05/2022","oui"
"8860029","06/05/2021","non"
"8860030","03/05/2025","oui"
"8860047","08/05/2021","oui"
"8860049","19/05/2023","oui"
"8860054","10/05/2021","oui"
"8860055","24/03/2023","oui"
"8860058","23/05/2022","non"
"8860059","14/06/2022","oui"
"8860065","08/05/2023","oui"
"8860074","24/03/2023","oui"
"8860076","23/05/2022","oui"
"8860077","05/05/2024","oui"
"8860087","15/05/2022","oui"
"8860096","14/05/2021","oui"
"8860097","15/05/2021","oui"
"8860098","25/03/2024","oui"
"8860099","15/05/2022","non"
"8860100","05/05/2022","oui"
"8860111","15/05/2023","oui"
"8860132","16/05/2022","oui"
"8860145","05/05/2025","non"
"8860147","06/05/2023","oui"
"8860172","25/05/2021","oui"
"8860173","25/05/2021","oui"
"8860174","11/05/2023","oui"
"8860209","05/06/2024","oui"
"8860211","31/05/2025","oui"
"8860214","15/04/2022","oui"
"8860215","31/05/2021","oui"
"8860216","31/05/2021","oui"
"8860224","25/05/2025","oui"
"8860226","04/06/2023","oui"
"8860230","04/07/2021","non"
"8860231","04/07/2021","non"
"8860235","01/06/2023","oui"
"8860238","04/07/2021","non"
"8860245","01/06/2023","non"
"8860246","14/04/2022","oui"
"8860247","13/04/2023","oui"
"8860248","30/05/2022","non"
"8860249","14/04/2022","oui"
"8860250","15/04/2022","non"
"8860251","17/06/2022","oui"
"8860252","17/06/2022","oui"
"8860253","16/04/2022","non"
"8860254","25/05/2023","oui"
"8860255","08/06/2022","non"
"8860256","30/05/2023","non"
"8860257","05/06/2025","non"
"8860258","10/06/2022","oui"
"8860259","18/04/2022","oui"
"8860260","11/06/2023","oui"
"8860261","12/06/2022","non"
"8860262","18/04/2022","non"
"8860263","29/05/2024","oui"
"8860264","19/04/2022","oui"
"8860265","19/04/2022","oui"
"8860266","02/05/2023","oui"
"8860267","08/05/2022","non"
"8860268","02/05/2025","oui"
"8860269","11/05/2022","non"
"8860270","05/05/2023","oui"
"8860277","18/05/2022","oui"
"8860278","19/05/2022","oui"
"8860279","19/05/2022","oui"
"8860280","21/05/2022","oui"
"8860281","23/05/2022","oui"
"8860289","23/05/2022","oui"
"8860290","17/05/2023","oui"
"8860309","08/05/2024","oui"
"8860324","08/06/2021","non"
"8860325","02/06/2024","oui"
"8860328","02/05/2023","oui"
"8860330","17/06/2021","non"
"8860355","14/05/2023","non"
"8860361","11/05/2024","oui"
"8860391","11/05/2023","non"
"8860411","11/06/2025","oui"
"8860421","15/04/2023","oui"
"8860701","10/06/2022","non"
"8860715","26/05/2024","non"
"8860731","05/06/2021","non"
"8860747","05/06/2021","oui"
"8860751","25/05/2023","oui"
"8860755","06/06/2021","oui"
"8860762","05/06/2025","non"
"8860768","02/06/2025","non"
"8860780","07/06/2023","oui"
"8860782","11/06/2023","oui"
"8860796","04/06/2023","oui"
"8860797","09/06/2021","oui"
"8860798","07/06/2022","oui"
"8860799","09/06/2021","oui"
"8860800","12/06/2022","oui"
"8860802","13/06/2022","oui"
"8860817","12/06/2021","oui"
"8860818","13/06/2022","oui"
"8860831","13/06/2021","oui"
"8860838","09/05/2022","oui"
"8860839","25/04/2025","oui"
"8860840","08/05/2022","oui"
"8860841","23/03/2022","oui"
"8860842","05/05/2023","oui"
"8860843","23/03/2022","oui"
"8860844","23/03/2022","oui"
"8860845","23/03/2022","oui"
"8860846","07/05/2022","oui"
"8860847","09/05/2022","oui"
"8860848","18/05/2023","oui"
"8860849","24/03/2022","oui"
"8860850","14/05/2022","non"
"8860851","24/03/2022","oui"
"8860852","24/03/2022","non"
"8860853","28/04/2023","oui"
"8860854","29/04/2023","oui"
"8860855","01/05/2023","oui"
"8860856","30/04/2023","oui"
"8860857","25/03/2022","oui"
"8860858","07/05/2022","oui"
"8860859","25/03/2022","oui"
"8860860","13/05/2022","oui"
"8860861","07/05/2022","oui"
"8860862","07/05/2022","oui"
"8860863","21/03/2023","oui"
"8860864","06/05/2023","oui"
"8860865","25/03/2022","oui"
"8860866","14/06/2025","oui"
"8860867","08/05/2023","oui"
"8860868","25/03/2022","non"
"8860869","05/05/2023","oui"
"8860870","10/05/2022","oui"
"8860871","26/03/2022","oui"
"8860872","26/03/2022","oui"
"8860873","12/05/2023","oui"
"8860874","14/05/2022","oui"
"8860875","22/03/2025","non"
"8860876","04/06/2023","oui"
"8860877","07/05/2023","oui"
"8860878","11/05/2022","oui"
"8860879","15/05/2022","oui"
"8860880","12/05/2022","oui"
"8860881","27/03/2022","oui"
"8860882","28/03/2022","oui"
"8860883","03/05/2023","oui"
"8860884","05/05/2023","oui"
"8860885","27/03/2022","oui"
"8860886","27/03/2022","oui"
"8860887","27/03/2022","oui"
"8860888","27/03/2022","oui"
"8860889","25/05/2024","oui"
"8860890","27/03/2022","oui"
"8860891","15/05/2024","oui"
"8860892","02/05/2023","oui"
"8860893","24/03/2023","oui"
"8860894","28/03/2022","oui"
"8860895","10/05/2022","oui"
"8860896","28/03/2022","oui"
"8860897","24/03/2023","oui"
"8860898","28/03/2022","oui"
"8860899","07/05/2023","oui"
"8860900","28/03/2022","oui"
"8860902","05/06/2024","oui"
"8860918","14/06/2021","non"
"8861017","15/04/2022","oui"
"8861018","16/06/2025","oui"
"8861026","21/06/2022","oui"
"8861045","07/06/2023","oui"
"8861060","26/05/2024","oui"
"8861067","08/06/2023","non"
"8861076","08/06/2024","non"
"8861126","28/04/2024","oui"
"8861127","03/05/2024","oui"
"8861131","30/04/2024","oui"
"8861150","01/05/2023","non"
"8861170","07/05/2021","non"
"8861188","21/03/2024","oui"
"8861202","04/06/2022","oui"
"8861205","08/05/2022","oui"
"8861226","11/05/2022","oui"
"8861250","04/05/2025","non"
"8861284","01/05/2023","oui"
"8861286","07/05/2022","oui"
"8861313","04/05/2023","non"
"8861317","08/05/2022","oui"
"8861354","08/05/2022","oui"
"8861383","03/05/2025","oui"
"8861451","13/05/2022","non"
"8861455","08/05/2025","oui"
"8861463","02/05/2025","oui"
"8861473","12/05/2021","oui"
"8861478","30/05/2023","oui"
"8861479","20/03/2023","oui"
"8861486","04/06/2023","oui"
"8861491","27/03/2022","oui"
"8861495","11/05/2022","oui"
"8861499","14/05/2021","oui"
"8861500","26/03/2022","oui"
"8861548","06/06/2021","oui"
"8861549","01/06/2024","oui"
"8861552","16/06/2022","non"
"8861558","01/06/2024","oui"
"8861566","07/06/2021","oui"
"8861567","07/06/2021","oui"
"8861568","19/04/2022","oui"
"8861579","08/06/2021","oui"
"8861580","05/05/2022","oui"
"8861583","29/04/2024","oui"
"8861589","11/05/2023","oui"
"8861593","08/06/2023","oui"
"8861594","01/06/2024","oui"
"8861595","23/05/2024","oui"
"8861600","11/06/2021","oui"
"8862231","12/05/2022","oui"
"8862239","03/05/2022","oui"
"8862258","04/06/2025","oui"
"8862284","12/05/2022","non"
"8862285","05/05/2025","oui"
"8862287","26/04/2025","oui"
"8863504","18/04/2022","oui"
"8863505","13/04/2023","oui"
"8863506","01/06/2023","oui"
"8863507","14/04/2022","non"
"8863508","13/04/2023","oui"
"8863509","01/06/2021","non"
"8863510","14/04/2021","oui"
"8863511","07/06/2022","non"
"8863512","03/06/2021","oui"
"8863514","04/06/2023","oui"
"8863515","05/06/2022","non"
"8863516","14/06/2022","oui"
"8863517","28/05/2025","non"
"8863518","12/06/2021","oui"
"8863519","20/06/2022","oui"
"8863520","17/04/2022","non"
"8863522","23/04/2021","non"
"8863523","26/04/2021","oui"
"8863524","30/04/2022","oui"
"8863525","26/04/2021","oui"
"8863527","07/05/2022","oui"
"8863545","28/04/2023","oui"
"8863550","13/05/2022","non"
"8863556","06/05/2024","oui"
"8863593","30/04/2021","oui"
"8863594","27/04/2024","oui"
"8863595","30/04/2021","oui"
"8863596","09/05/2022","oui"
"8863597","02/05/2021","non"
"8863598","05/05/2021","non"
"8863599","23/03/2022","oui"
"8863600","21/03/2024","oui"
"8863621","11/06/2024","non"
"8863642","16/06/2021","oui"
"8863655","01/06/2024","oui"
"8863682","21/04/2021","oui"
"8863687","13/04/2021","oui"
"8863708","14/05/2021","non"
"8863713","02/05/2023","oui"
"8863716","10/05/2022","non"
"8863728","18/05/2021","oui"
"8863729","18/05/2021","non"
"8863771","28/04/2024","non"
"8863880","01/06/2023","non"
"9282605","21/03/2024","non"
"9282631","01/05/2025","oui"
"9282643","04/05/2025","oui"
"9282658","28/04/2025","oui"
"9282660","11/05/2024","oui"
"9282675","04/05/2024","oui"
"9282693","08/05/2024","oui"
"9282716","22/03/2024","oui"
"9282735","05/05/2025","oui"
"9282743","06/05/2024","oui"
"9282751","29/04/2024","oui"
"9282752","08/05/2023","non"
"9282757","28/04/2024","oui"
"9282760","10/05/2023","non"
"9282776","10/05/2024","oui"
"9282780","07/05/2024","oui"
"9282790","10/05/2024","oui"
"9282795","24/04/2025","oui"
"9282796","11/05/2023","non"
"9282805","03/05/2025","oui"
"9282806","08/05/2023","oui"
"9282841","13/05/2025","oui"
"9282846","11/05/2023","oui"
"9282855","12/05/2023","non"
"9282856","24/03/2025","oui"
"9282858","08/05/2025","oui"
"9282859","05/05/2024","oui"
"9282881","07/05/2024","oui"
"9282882","11/05/2024","oui"
"9282883","14/05/2024","oui"
"9282886","01/05/2025","non"
"9282887","03/05/2024","oui"
"9282888","15/05/2023","oui"
"9282889","17/05/2023","non"
"9282893","18/05/2023","oui"
"9282894","18/05/2023","oui"
"9282895","04/05/2024","oui"
"9282896","20/05/2023","oui"
"9282897","20/05/2023","oui"
"9282898","23/05/2023","oui"
"9282910","13/05/2024","oui"
"9282911","04/05/2024","oui"
"9282935","09/06/2025","oui"
"9282936","23/05/2024","oui"
"9282937","25/05/2025","oui"
"9282945","27/05/2025","oui"
"9282948","27/05/2025","oui"
"9282949","01/06/2024","oui"
"9282951","30/05/2023","oui"
"9282952","20/05/2024","oui"
"9282960","01/06/2023","oui"
"9282968","01/06/2023","oui"
"9282984","10/06/2024","oui"
"9282985","29/05/2024","non"
"9282989","08/06/2024","oui"
"9283301","21/03/2024","oui"
"9283302","21/03/2024","oui"
"9283303","21/03/2024","oui"
"9283304","21/03/2024","oui"
"9283305","21/03/2024","oui"
"9283306","21/03/2024","oui"
"9283307","08/05/2024","oui"
"9283308","05/05/2025","oui"
"9283309","21/03/2024","oui"
"9283310","28/04/2025","oui"
"9283311","21/03/2024","oui"
"9283312","21/03/2024","oui"
"9283313","15/05/2025","oui"
"9283314","21/04/2025","oui"
"9283315","21/03/2024","oui"
"9283316","21/03/2024","non"
"9283317","21/03/2024","non"
"9283318","21/03/2024","oui"
"9283319","21/03/2024","oui"
"9283320","14/05/2024","non"
"9283321","22/03/2024","oui"
"9283322","25/04/2024","oui"
"9283323","08/06/2024","oui"
"9283324","22/03/2024","oui"
"9283325","22/03/2024","oui"
"9283326","18/05/2025","oui"
"9283327","18/05/2025","oui"
"9283328","11/06/2025","oui"
"9283329","30/04/2024","oui"
"9283330","03/05/2024","oui"
"9283331","22/03/2024","oui"
"9283332","27/04/2024","oui"
"9283333","22/03/2024","oui"
"9283334","22/03/2024","oui"
"9283335","22/03/2024","oui"
"9283336","22/03/2024","oui"
"9283337","26/04/2024","oui"
"9283338","22/03/2024","oui"
"9283339","22/03/2024","oui"
"9283340","30/04/2024","oui"
"9283341","22/03/2024","oui"
"9283342","23/03/2024","oui"
"9283343","23/03/2024","oui"
"9283344","23/03/2024","oui"
"9283345","04/05/2024","oui"
"9283346","23/03/2024","oui"
"9283347","23/03/2024","oui"
"9283348","25/04/2025","oui"
"9283349","25/05/2024","oui"
"9283350","11/05/2024","oui"
"9283351","04/05/2024","oui"
"9283352","11/05/2024","oui"
"9283353","25/03/2024","non"
"9283354","25/03/2024","oui"
"9283355","25/03/2024","oui"
"9283356","25/03/2024","oui"
"9283357","25/03/2024","oui"
"9283358","07/05/2024","oui"
"9283359","21/05/2025","oui"
"9283360","12/05/2024","non"
"9283361","25/03/2024","oui"
"9283407","28/04/2024","oui"
"9283410","04/05/2024","oui"
"9283426","09/05/2025","oui"
"9283427","13/05/2023","non"
"9283430","20/03/2024","oui"
"9283436","03/05/2025","oui"
"9283437","03/05/2025","oui"
"9283438","15/05/2023","non"
"9283439","15/05/2023","oui"
"9283447","13/05/2025","non"
"9283455","26/05/2025","oui"
"9283456","17/05/2023","non"
"9283457","17/05/2023","oui"
"9283458","30/04/2025","non"
"9283460","08/06/2024","oui"
"9283469","19/05/2023","non"
"9283473","03/05/2025","oui"
"9283482","11/05/2024","oui"
"9283484","10/05/2024","oui"
"9283605","26/04/2024","oui"
"9283614","20/05/2024","non"
"9283640","25/03/2024","oui"
"9283717","13/04/2024","oui"
"9283718","05/06/2023","non"
"9283727","12/06/2025","oui"
"9283740","06/06/2023","non"
"9283744","08/06/2023","non"
"9283751","03/06/2025","oui"
"9283838","31/05/2025","oui"
"9283844","27/05/2025","oui"
"9283845","02/06/2024","non"
"9283848","12/04/2024","oui"
"9283855","09/06/2024","oui"
"9283881","08/06/2024","oui"
"9283892","28/05/2025","non"
"9283894","02/06/2025","oui"
"9283895","01/06/2024","oui"
"9283897","08/06/2024","non"
"9283898","04/06/2023","non"
"9283899","10/06/2023","oui"
"9283900","05/06/2023","oui"
"9283901","07/05/2024","oui"
"9283906","07/05/2024","oui"
"9283938","31/05/2025","non"
"9283944","09/06/2024","oui"
"9283947","08/06/2024","oui"
"9283949","03/06/2025","oui"
"9283951","14/04/2024","oui"
"9283955","14/04/2024","oui"
"9283985","10/06/2024","oui"
"9283986","31/05/2025","oui"
"9283995","09/06/2023","non"
"9298302","10/06/2023","oui"
"9298303","10/06/2023","oui"
"9298304","10/06/2023","oui"
"9298305","10/06/2023","oui"
"9298313","12/05/2024","non"
"9298354","10/06/2024","oui"
"9298357","15/06/2023","oui"
"9298358","15/04/2025","oui"
"9298359","15/06/2023","oui"
"9298377","17/06/2023","oui"
"9298387","06/05/2024","oui"
"9298422","23/03/2024","oui"
"9298423","29/06/2023","oui"
"9298509","27/05/2025","oui"
"9298510","16/04/2024","oui"
"9298533","11/04/2025","oui"
"9298535","15/06/2024","oui"
"9298539","13/04/2024","oui"
"9298540","03/06/2025","oui"
"9298553","28/04/2025","oui"
"9298554","10/06/2024","oui"
"9298555","07/06/2023","oui"
"9298557","14/04/2024","oui"
"9298561","07/06/2023","non"
"9298562","16/06/2024","non"
"9298594","04/06/2025","oui"
"9298595","09/06/2023","oui"
"9298604","12/06/2025","oui"
"9298605","11/04/2024","oui"
"9298606","13/06/2024","oui"
"9298607","11/04/2024","oui"
"9298608","11/04/2024","oui"
"9298609","12/04/2025","oui"
"9298610","12/04/2024","oui"
"9298611","12/04/2024","oui"
"9298614","08/06/2024","oui"
"9298616","19/06/2025","oui"
"9298617","06/06/2024","oui"
"9298618","18/04/2025","oui"
"9298619","31/05/2025","oui"
"9298620","14/04/2024","oui"
"9298621","14/04/2024","oui"
"9298622","14/04/2024","non"
"9298623","15/04/2024","oui"
"9298624","15/04/2024","oui"
"9298625","30/05/2025","oui"
"9298626","10/06/2024","oui"
"9298627","15/04/2025","oui"
"9298628","05/06/2024","oui"
"9298629","11/04/2025","oui"
"9298630","18/04/2024","oui"
"9298631","04/06/2024","oui"
"9298632","28/05/2024","oui"
"9298633","16/05/2025","oui"
"9298634","20/04/2024","oui"
"9298635","11/06/2025","oui"
"9298640","27/04/2024","oui"
"9298644","24/04/2025","oui"
"9298646","28/04/2025","oui"
"9298651","22/04/2025","oui"
"9298652","01/05/2025","oui"
"9298653","30/04/2024","oui"
"9298671","26/04/2025","oui"
"9298679","15/05/2025","oui"
"9298694","08/06/2024","oui"
"9298699","10/05/2025","oui"
"9383322","22/03/2024","oui"
"9484008","28/04/2024","oui"
"9484009","29/04/2024","oui"
"9484010","29/04/2024","oui"
"9484011","08/06/2024","oui"
"9484033","19/03/2025","oui"
"9484052","13/05/2025","oui"
"9484054","03/05/2024","oui"
"9484055","03/05/2024","oui"
"9484056","10/05/2025","non"
"9484057","04/06/2025","oui"
"9484058","27/04/2025","oui"
"9484059","01/05/2025","oui"
"9484061","25/04/2025","oui"
"9484063","10/05/2025","oui"
"9484068","10/05/2025","oui"
"9484099","06/05/2024","oui"
"9484100","25/04/2025","oui"
"9484137","06/05/2024","oui"
"9484138","05/05/2025","oui"
"9484147","08/05/2024","oui"
"9484156","13/05/2025","non"
"9484158","08/05/2024","oui"
"9484159","04/06/2025","oui"
"9484179","23/05/2025","oui"
"9484200","30/04/2025","oui"
"9484205","30/04/2025","non"
"9484217","25/04/2025","oui"
"9484228","01/05/2025","oui"
"9484234","11/05/2025","oui"
"9484237","27/04/2025","oui"
"9484246","05/05/2025","oui"
"9484277","27/04/2025","oui"
"9484280","27/04/2025","oui"
"9484283","11/06/2025","oui"
"9484286","25/04/2025","oui"
"9484301","03/05/2024","non"
"9484302","03/05/2024","non"
"9484308","26/04/2025","non"
"9484331","03/05/2025","oui"
"9484332","07/05/2024","oui"
"9484381","04/06/2025","oui"
"9484383","23/03/2025","oui"
"9484384","04/06/2025","oui"
"9484388","01/05/2025","oui"
"9484391","05/05/2025","oui"
"9484392","23/03/2025","oui"
"9484399","05/05/2025","oui"
"9484403","23/05/2025","oui"
"9484428","14/06/2025","oui"
"9484454","03/05/2025","oui"
"9484461","06/05/2025","oui"
"9484467","14/05/2024","oui"
"9484477","26/04/2025","oui"
"9484523","05/05/2025","non"
"9484526","29/04/2025","oui"
"9484591","11/05/2025","oui"
"9484599","04/05/2025","oui"
"9484619","08/06/2024","oui"
"9484634","02/06/2025","oui"
"9484653","25/05/2025","oui"
"9484654","28/05/2025","oui"
"9484660","02/06/2025","oui"
"9484687","04/06/2025","oui"
"9484688","09/06/2024","non"
"9484689","10/06/2024","non"
"9484690","03/06/2025","oui"
"9484696","18/04/2025","oui"
"9484699","12/06/2024","oui"
"9484700","19/06/2024","non"
"9484701","17/05/2024","oui"
"9484702","07/05/2025","oui"
"9484703","17/05/2024","oui"
"9484704","10/05/2025","oui"
"9484737","18/04/2025","oui"
"9484740","25/05/2024","oui"
"9484741","25/05/2024","oui"
"9484742","25/05/2024","oui"
"9484743","25/05/2024","oui"
"9484744","25/05/2024","non"
"9484745","25/05/2024","oui"
"9484746","25/05/2024","oui"
"9484752","22/05/2025","oui"
"9484753","30/05/2024","oui"
"9484764","01/06/2024","oui"
"9484765","01/06/2024","oui"
"9484766","03/06/2024","oui"
"9484767","05/05/2025","oui"
"9484774","03/06/2024","oui"
"9484792","31/05/2025","oui"
"9484799","10/06/2024","oui"
"9484816","03/05/2025","oui"
"9484820","05/05/2025","oui"
"9484822","03/05/2025","oui"
"9484829","10/05/2025","non"
"9484831","10/05/2025","oui"
"9484878","27/04/2025","non"
"9484890","07/05/2025","oui"
"9484891","15/05/2025","oui"
"9484899","04/06/2024","oui"
"9484900","15/06/2025","oui"
"9484911","14/06/2025","oui"
"9484915","29/04/2025","oui"
"9484921","12/05/2024","oui"
"9484922","30/04/2025","oui"
"9484925","23/03/2025","oui"
"9484929","28/04/2025","oui"
"9484930","12/05/2024","oui"
"9484937","26/04/2025","oui"
"9484938","15/05/2024","non"
"9484939","15/05/2024","non"
"9484948","16/05/2024","oui"
"9484949","16/05/2024","oui"
"9484957","01/06/2025","oui"
"9484961","01/06/2025","oui"
"9484975","19/05/2024","oui"
"9484984","20/05/2024","oui"
"9484998","21/05/2024","oui"
"9484999","21/05/2024","oui"
"9485000","03/05/2025","oui"
"9485323","11/04/2025","oui"
"9485341","09/06/2024","non"
"9485353","04/05/2025","oui"
"9485360","03/06/2025","oui"
"9485375","28/04/2025","oui"
"9485376","03/05/2025","oui"
"9485533","02/06/2025","oui"
"9485541","19/06/2025","oui"
"9485553","13/06/2025","oui"
"9485554","19/06/2024","oui"
"9485556","04/05/2025","oui"
"9485557","04/05/2025","oui"
"9485558","29/04/2025","non"
"9485559","29/04/2025","oui"
"9485567","01/05/2025","oui"
"9485568","01/05/2025","oui"
"9485569","20/03/2025","oui"
"9485570","30/04/2025","oui"
"9485571","28/04/2025","non"
"9485572","21/04/2025","oui"
"9485573","28/04/2025","oui"
"9485574","28/04/2025","oui"
"9485575","06/05/2025","oui"
"9485576","14/06/2025","oui"
"9485577","17/05/2025","oui"
"9485578","02/05/2025","oui"
"9485579","11/05/2025","oui"
"9485580","03/05/2025","oui"
"9485581","29/04/2025","oui"
"9485582","29/04/2025","oui"
"9485583","03/05/2025","oui"
"9485584","03/05/2025","oui"
"9485585","05/05/2025","oui"
"9485586","07/05/2025","oui"
"9485587","01/05/2025","oui"
"9485588","14/06/2025","oui"
"9485589","01/05/2025","oui"
"9485590","03/05/2025","oui"
"9485591","24/03/2025","oui"
"9485592","24/03/2025","oui"
"9485593","05/05/2025","oui"
"9485594","21/05/2025","oui"
"9485595","30/04/2025","oui"
"9485596","02/05/2025","oui"
"9485598","04/05/2025","non"
"9485599","04/05/2025","oui"
"9485600","08/05/2025","oui"
"9485615","12/04/2025","non"
"9485700","15/06/2024","oui"
"9485901","11/04/2025","oui"
"9485902","11/04/2025","oui"
"9485903","11/04/2025","oui"
"9485904","25/05/2025","oui"
"9485905","25/05/2025","oui"
"9485906","30/05/2025","oui"
"9485907","01/06/2025","oui"
"9485908","01/06/2025","oui"
"9485909","28/05/2025","oui"
"9485910","28/05/2025","oui"
"9485911","01/06/2025","oui"
"9485912","01/06/2025","non"
"9485913","28/05/2025","oui"
"9485914","22/05/2025","oui"
"9485915","30/05/2025","oui"
"9485916","30/05/2025","oui"
"9485917","03/06/2025","oui"
"9485918","31/05/2025","oui"
"9485919","27/05/2025","oui"
"9485920","28/05/2025","oui"
"9485921","05/06/2025","oui"
"9485922","31/05/2025","oui"
"9485923","15/04/2025","non"
"9485924","28/05/2025","oui"
"9485925","28/05/2025","oui"
"9485926","31/05/2025","oui"
"9485927","16/06/2025","oui"
"9485928","19/04/2025","non"
"9485940","14/06/2025","non"
"9485957","24/04/2025","oui"
"9485958","25/04/2025","oui"
"9485959","25/04/2025","oui"
"9485960","26/04/2025","oui"
"9485961","26/04/2025","oui"
"9485962","26/04/2025","oui"
"9485963","26/04/2025","oui"
"9485983","27/04/2025","non"
"9485992","28/04/2025","non"
"9733016","04/05/2025","oui"
"9733023","29/04/2023","oui"
"9733024","01/05/2023","oui"
"9733033","02/05/2022","oui"
"9733057","04/05/2022","non"
"9733065","04/05/2022","oui"
"9733075","03/05/2024","non"
"9733078","02/05/2023","oui"
"9733089","01/05/2023","oui"
"9733093","05/05/2022","non"
"9733094","05/05/2022","oui"
"9733098","06/05/2022","oui"
"9733167","24/05/2025","oui"
"9733178","03/05/2024","non"
"9733202","03/05/2024","oui"
"9733205","04/05/2025","oui"
"9733207","29/04/2024","oui"
"9733211","03/05/2024","oui"
"9733216","11/05/2023","oui"
"9733220","30/04/2023","oui"
"9733221","28/04/2023","oui"
"9733222","06/05/2022","non"
"9733223","02/05/2023","oui"
"9733226","08/05/2022","non"
"9733227","08/05/2024","oui"
"9733239","05/05/2023","non"
"9733240","09/05/2022","oui"
"9733247","19/03/2023","oui"
"9733262","03/05/2023","oui"
"9733270","10/05/2022","oui"
"9733271","03/05/2024","non"
"9733272","10/05/2022","oui"
"9733273","10/05/2022","oui"
"9733274","11/05/2022","oui"
"9733275","07/05/2024","oui"
"9733283","07/05/2023","oui"
"9733284","05/05/2025","oui"
"9733286","14/05/2022","oui"
"9733287","14/05/2022","oui"
"9733288","05/05/2023","oui"
"9733289","09/05/2023","oui"
"9733290","24/04/2025","oui"
"9733291","08/05/2023","oui"
"9733292","15/05/2022","oui"
"9733293","15/05/2022","oui"
"9733294","15/05/2022","oui"
"9733295","16/05/2022","oui"
"9733296","24/03/2023","oui"
"9733297","17/05/2022","oui"
"9733298","17/05/2022","oui"
"9733299","17/05/2022","oui"
"9733300","18/05/2022","oui"
"9733311","04/05/2025","oui"
"9733321","06/05/2023","oui"
"9733326","17/05/2023","oui"
"9733327","28/04/2024","oui"
"9733330","01/05/2023","oui"
"9733364","06/05/2024","oui"
"9733392","02/05/2023","oui"
"9733403","14/05/2023","oui"
"9733408","20/05/2023","oui"
"9733421","27/04/2024","oui"
"9733450","10/06/2023","oui"
"9733453","01/05/2025","oui"
"9733463","03/05/2024","oui"
"9733464","27/04/2024","non"
"9733468","25/04/2024","oui"
"9733470","27/04/2024","oui"
"9733608","01/05/2023","oui"
"9733609","01/05/2023","oui"
"9733610","18/05/2023","oui"
"9733611","19/03/2023","oui"
"9733612","01/05/2023","oui"
"9733613","04/05/2025","oui"
"9733614","04/05/2024","non"
"9733615","19/03/2023","oui"
"9733616","19/03/2023","oui"
"9733617","19/03/2023","oui"
"9733618","22/04/2025","oui"
"9733619","25/04/2024","oui"
"9733620","18/05/2023","oui"
"9733621","04/05/2023","oui"
"9733622","22/06/2023","oui"
"9733623","29/04/2023","non"
"9733624","05/05/2023","non"
"9733625","02/05/2023","non"
"9733626","11/05/2023","oui"
"9733627","20/03/2023","oui"
"9733628","01/05/2024","oui"
"9733629","21/03/2023","oui"
"9733630","10/05/2023","oui"
"9733631","21/03/2023","oui"
"9733632","21/03/2024","oui"
"9733633","03/05/2023","oui"
"9733634","21/03/2024","oui"
"9733635","21/03/2023","oui"
"9733636","12/06/2023","oui"
"9733637","21/03/2023","oui"
"9733638","21/03/2024","oui"
"9733639","10/06/2023","non"
"9733640","10/06/2023","oui"
"9733641","08/05/2024","oui"
"9733642","06/05/2023","non"
"9733643","06/05/2023","non"
"9733644","21/03/2023","oui"
"9733645","21/03/2023","oui"
"9733646","05/05/2023","oui"
"9733647","03/05/2023","oui"
"9733648","08/05/2023","oui"
"9733649","04/05/2024","oui"
"9733650","05/05/2023","oui"
"9733651","05/05/2023","oui"
"9733652","21/05/2024","oui"
"9733653","22/03/2023","oui"
"9733654","08/05/2023","oui"
"9733655","23/03/2023","non"
"9733656","05/05/2023","oui"
"9733657","23/03/2023","oui"
"9733658","20/05/2023","oui"
"9733659","20/05/2023","oui"
"9733660","23/03/2023","non"
"9733661","15/05/2024","oui"
"9733662","08/05/2023","oui"
"9733663","24/03/2023","non"
"9733664","07/05/2023","oui"
"9733665","14/05/2023","oui"
"9733687","20/03/2024","oui"
"9733688","29/04/2024","oui"
"9733689","28/04/2024","oui"
"9733690","27/04/2025","oui"
"9733691","28/04/2024","oui"
"9733692","29/04/2024","oui"
"9733693","29/04/2024","oui"
"9733694","01/05/2024","oui"
"9974032","02/06/2024","non"
"9974033","25/05/2025","oui"
"9974079","13/04/2023","non"
"9974080","28/05/2023","oui"
"9974081","01/06/2023","non"
"9974082","13/04/2023","oui"
"9974083","01/06/2023","non"
"9974084","29/05/2025","oui"
"9974085","13/04/2023","non"
"9974086","29/05/2025","oui"
"9974087","09/06/2023","oui"
"9974088","09/06/2023","oui"
"9974089","15/04/2023","non"
"9974090","18/06/2023","non"
"9974091","16/04/2023","oui"
"9974092","16/04/2023","oui"
"9974093","16/04/2023","oui"
"9974094","02/06/2023","oui"
"9974095","16/04/2023","oui"
"9974096","02/06/2023","oui"
"9974097","19/04/2023","oui"
"9974098","19/04/2023","oui"
"9974099","11/04/2025","oui"
"9974601","09/06/2022","oui"
"9974602","31/05/2025","oui"
"9974620","02/06/2025","oui"
"9974621","16/04/2023","oui"
"9974624","10/06/2024","oui"
"9974629","02/06/2024","oui"
"9974630","12/06/2022","oui"
"9974663","16/04/2024","oui"
"9974673","19/05/2025","oui"
"9974674","14/06/2022","oui"
"9974675","20/04/2023","oui"
"9974676","16/06/2022","non"
"9974680","18/06/2022","oui"
"9974698","19/06/2022","oui"
"9974700","25/05/2025","non"
"9974701","19/04/2023","oui"
"9974702","03/06/2024","oui"
"9974703","30/05/2025","oui"
"9974707","04/06/2024","oui"
"9974722","27/05/2025","oui"
"9974725","27/06/2023","non"
"9974754","05/06/2024","oui"
"9974769","29/04/2023","non"
"9974770","28/04/2024","oui"
"9974780","28/04/2024","oui"
"9974784","08/05/2024","oui"
"9974789","07/05/2024","oui"
"9974796","04/05/2025","oui"
"9974804","03/05/2025","oui"
"9974806","03/06/2024","oui"
"9974807","25/03/2024","oui"
"9974830","28/04/2025","non"
"9974831","28/04/2025","non"
"9974841","06/05/2023","non"
"9974842","06/05/2023","oui"
"9974848","08/05/2024","oui"
"9974850","30/04/2025","oui"
"9974851","14/05/2023","oui"
"9974854","06/05/2024","oui"
"9974856","22/03/2024","oui"
"9974868","11/05/2024","oui"
"9974871","03/05/2025","oui"
"9974879","11/05/2025","oui"
"9974892","01/05/2025","oui"
"9974908","02/05/2023","non"
"9974909","02/05/2023","non"
"9974910","02/05/2023","non"
"9974915","06/05/2024","oui"
"9974919","04/05/2024","oui"
"9974924","18/06/2025","oui"
"9974936","28/04/2024","oui"
"9974938","10/05/2024","non"
"9974978","26/04/2024","oui"
"9974988","05/05/2023","oui"
"9974989","10/05/2024","non"
"9975005","30/04/2025","oui"
"9975009","17/05/2024","non"
"9975017","13/05/2023","oui"
"9975019","13/05/2024","oui"
"9975026","03/05/2024","non"
"9975049","12/05/2023","oui"
"9975092","23/03/2023","oui"
"9975099","15/05/2024","non"
"9975111","05/05/2024","oui"
"9975151","13/05/2023","oui"
"9975180","03/06/2023","oui"
"9975195","31/05/2022","oui"
"9975199","11/05/2023","oui"
"9975233","18/06/2023","oui"
"9975304","28/05/2022","non"
"9975305","02/05/2023","oui"
"9975306","15/05/2023","oui"
"9975311","19/03/2023","oui"
"9975313","10/05/2024","oui"
"9975388","05/06/2023","oui"
"9975400","09/06/2022","non"
"9975403","12/05/2023","oui"
"9975407","08/05/2023","oui"
"9975436","20/05/2022","non"
"9975438","21/05/2022","oui"
"9975446","29/04/2025","oui"
"V019301","21/05/2022","oui"
"V019302","23/05/2022","oui"
"V019303","23/05/2022","oui"
"V019312","12/06/2022","non"
"V019340","23/05/2023","oui"
"V019371","13/06/2022","non"
"V019375","08/06/2022","oui"
"V019391","21/05/2022","oui"
"V019392","21/05/2022","oui"
"V021458","10/04/2024","oui"
"V040879","04/06/2025","non"
